label,dataset,organization,description,format,released,year
1,行政审批事项办理状态信息,市发展和改革委员会,编号、办理状态等,应用接口,未开放,2015
2,本市汽、柴油最高零售价格,市发展和改革委员会,日期、汽油品种、价格等,Excel或XML,未开放,2015
3,政府定价药品最高零售价格,市发展和改革委员会,品牌、商品名称、规格、单位、零售价等,Excel或XML,未开放,2015
4,本市定价目录,市发展和改革委员会,定价项目、定价内容、定价部门等,Excel或XML,未开放,2015
5,本市医疗机构医疗服务项目和价格,市发展和改革委员会,编码、名称、计价、单位、价格标准等,Excel或XML,未开放,2015
6,各类公办学校主要教育收费,市发展和改革委员会,类别、项目名称、计费单位、收费标准、收费依据等,Excel或XML,未开放,2015
7,市属殡仪馆主要收费项目和标准,市发展和改革委员会,收费项目、计价单位、收费标准等,Excel或XML,未开放,2015
8,本市行政事业性收费项目目录,市发展和改革委员会，市财政局,收费项目名称、收费标准、批准文号、批准依据等,Excel或XML,未开放,2015
9,智慧社区试点单位,市经济和信息化委员会,名称、地址、概况等,Excel,未开放,2015
10,智慧城市体验中心认定,市经济和信息化委员会,名称、地址、简要介绍、联系电话等,Excel,未开放,2015
11,智慧村庄试点单位,市经济和信息化委员会,村庄名称、地址、概况等,Excel,未开放,2015
12, “工业云”创新服务试点企业,市经济和信息化委员会,试点企业名称、平台名称和网址、服务行业或领域、平台功能和用户数等,Excel,未开放,2015
13,智慧园区,市经济和信息化委员会,园区名称、地址、类型、主导产业、联系方式等,Excel,未开放,2015
14,行政权力清单,市经济和信息化委员会,行政权力具体事项,Word,未开放,2015
15,行政审批事项及审批情况数据,市经济和信息化委员会,审批事项内容、数量,Word/Excel,未开放,2015
16,非碘盐供应点,市经济和信息化委员会,名称、地址、联系电话等,Web页面,未开放,2015
17,中小企业服务机构名录,市经济和信息化委员会,名称、联系方式等,Excel,未开放,2015
18,中小企业公共服务示范平台名录,市经济和信息化委员会,名称、联系方式等,Excel,未开放,2015
19,资源综合利用认定企业,市经济和信息化委员会,企业名称、地址,Excel,未开放,2015
20,产学研示范合作基地信息,市经济和信息化委员会,单位名称,Excel,未开放,2015
21,电动自行车产品目录,市经济和信息化委员会,品牌、型号、生产企业,应用接口或XML,未开放,2015
22,年度物联网应用示范工程奖,市经济和信息化委员会,工程名称、单位、简介内容,Excel,未开放,2015
23,知识产权优势企业,市经济和信息化委员会,企业名称,Excel,未开放,2015
24,两化融合研究中心和重点实验室,市经济和信息化委员会,名称、地址、业务范围,Excel,未开放,2015
25,食盐定点生产企业,市经济和信息化委员会,企业名称、地址、联系电话,Excel,未开放,2015
26,国家级新型工业化产业示范基地,市经济和信息化委员会,名称、地址、电话、传真,Excel,未开放,2015
27,市级新型工业化产业示范基地,市经济和信息化委员会,名称、地址、电话、传真,Excel,未开放,2015
28,2014年度合同能源管理领域专项资金分配结果,市经济和信息化委员会,专项资金分配对象、分配金额,Excel,未开放,2015
29,2014年度节能技改领域专项资金分配结果,市经济和信息化委员会,专项资金分配对象、分配金额,Excel,未开放,2015
30,2014年度清洁生产领域专项资金分配结果,市经济和信息化委员会,专项资金分配对象、分配金额,Excel,未开放,2015
31,2014年度燃煤（重油）锅炉清洁能源替代领域专项资金分配结果,市经济和信息化委员会,专项资金分配对象、分配金额,Excel,未开放,2015
32,2014年度中小企业发展专项资金分配结果,市经济和信息化委员会,专项资金分配对象、分配金额,Excel,未开放,2015
33,2014年度重点技改领域专项资金分配结果,市经济和信息化委员会,专项资金分配对象、分配金额,Excel,未开放,2015
34,2014年度软件和集成电路产业发展领域专项资金分配结果,市经济和信息化委员会,专项资金分配对象、分配金额,Excel,未开放,2015
35,2014年度企业自主创新领域专项资金分配结果,市经济和信息化委员会,专项资金分配对象、分配金额,Excel,未开放,2015
36,2014年度总集成总承包领域专项资金分配结果,市经济和信息化委员会,专项资金分配对象、分配金额,Excel,未开放,2015
37,2014年度信息化发展领域专项资金分配结果,市经济和信息化委员会,专项资金分配对象、分配金额,Excel,未开放,2015
38,2014年度社会诚信体系建设专项资金分配结果,市经济和信息化委员会,专项资金分配对象、分配金额,Excel,未开放,2015
39,2014年度自主品牌建设领域专项资金分配结果,市经济和信息化委员会,专项资金分配对象、分配金额,Excel,未开放,2015
40,2014年知识产权优势企业领域专项资金分配结果,市经济和信息化委员会,专项资金分配对象、分配金额,Excel,未开放,2015
41,行政审批事项办理状态信息,市商务委员会,编号、办理状态等,应用接口,未开放,2015
42,本市各类会展信息,市商务委员会,会展名称、会展内容、举办时间、地点等,Excel,未开放,2015
43,拍卖资质企业信息,市商务委员会,企业名称、批准时间、有效截至日期等,Excel,未开放,2015
44,二手车鉴定评估机构,市商务委员会,企业名称、批准时间、有效截至日期等,Excel,未开放,2015
45,典当企业信息,市商务委员会,企业名称、批准时间、有效截至日期等,Excel,未开放,2015
46,冷鲜禽销售点,市商务委员会,区域、品牌、销售点、地址等,Excel,未开放,2015
47,再生资源回收经营企业信息,市商务委员会,企业名称、批准时间、有效截至日期等,Excel,未开放,2015
48,区县商务主管部门基本信息,市商务委员会,所属区县、名称、地址、联系电话、服务时间、附近交通等,Excel,未开放,2015
49,单用途商业预付卡备案企业信息,市商务委员会,备案号、 单位名称、所属行业、电话、地址等,Excel,未开放,2015
50,标准化菜场信息,市商务委员会,名称、地址、服务时间、联系电话等,Excel,未开放,2015
51,主副食品批发行情,市商务委员会,食品名称、时间、价格等,应用接口和Excel,未开放,2015
52,活禽定点零售交易点信息,市商务委员会,名称、地址、服务时间、联系电话等,应用接口和Excel,未开放,2015
53,猪肉等重点食品的追溯信息,市商务委员会,品种、名称、供应商等,应用接口,未开放,2015
54,酒类追溯信息,市商务委员会,品种、名称、供应商等,应用接口,未开放,2015
55,报废机动车信息,市商务委员会,报废车数量、吨位、车型,Excel,未开放,2015
56,二手车交易信息,市商务委员会,二手车市场名称、交易量、交易额、车型,Excel,未开放,2015
57,市奖学金和国家励志奖学金信息,市教育委员会,分配单位（学校）、分配金额,Excel,未开放,2015
58,教育收费信息,市教育委员会,高等教育、高中教育、义务教育、学前教育、中职教育收费信息,Excel,未开放,2015
59,区县教育局基本信息,市教育委员会,机构名称、地址、邮编、总机、投诉电话、咨询电话、信息公开电话、网址等,Excel,未开放,2015
60,经批准设立的现代远程教育校外学习中心（点）,市教育委员会,试点高校、学习中心（点）、名称、地址等,Excel,未开放,2015
61,在沪外籍人员子女学校,市教育委员会,学校名称、地址、邮编、联系电话、传真、学制等,Excel,未开放,2015
62,教育部予以资格认定的自费出国留学中介机构（上海地区）,市教育委员会,机构名称、法定代表人、地址、资格认定书编号、资格证书有效期、证书变更日期,Excel,未开放,2015
63,市民终身学习实践（体验）基地基本信息,市教育委员会,机构名称、主营单位地址、联系人、电话、体验日、体验项目等,Excel,未开放,2015
64,标准化老年大学基本信息,市教育委员会,学校名称、联系人、电话、地址、邮编、报名方式等,Excel,未开放,2015
65,各类人才信息,市科学技术委员会,浦江人才、技术带头人等获奖人员信息,Excel或XML,未开放,2015
66,国家级产业化基地,市科学技术委员会,区域名称、类别、地址、概况、联系方式等,Excel或XML,未开放,2015
67,国家大学科技园,市科学技术委员会,科技园名称、审核通过时间、地址、概况、联系方式等,Excel或XML,未开放,2015
68,高新技术企业信息,市科学技术委员会,证书编号、企业名称、批准时间、有效截至日期等,Excel或XML,未开放,2015
69,先进型服务企业信息,市科学技术委员会,证书编号、企业名称、税务登记号、批准时间、有效截至日期等,Excel或XML,未开放,2015
70,实验动物生产许可,市科学技术委员会,许可证编号、单位名称、设施地点、许可范围、发证日期、有效期起、有效期止等,Excel或XML,未开放,2015
71,科普教育基地信息,市科学技术委员会,基地名称、所属单位、地址、开放时间、联系方式等,Excel或XML,未开放,2015
72,技术合同认定信息,市科学技术委员会,技术合同申请人/单位，技术合同编号，技术合同批准类型,Excel或XML,未开放,2015
73,科学技术奖信息,市科学技术委员会,获奖编号、项目名称、主要完成人、主要完成单位、奖励类别、推荐单位等,Excel或XML,未开放,2015
74,国家及上海市科技企业孵化器基本信息,市科学技术委员会,孵化器名称、审核机构、审核通过时间等,Excel或XML,未开放,2015
75,技术合同认定登记处基本信息,市科学技术委员会,登记处代码及名称、地址、邮编、电话、联系人等,Excel或XML,未开放,2015
76,高新技术成果转化项目信息,市科学技术委员会,项目编号、项目名称、承担单位等,应用接口和Excel,未开放,2015
77,科技型中小企业技术创新资金项目信息,市科学技术委员会,项目编号、项目名称、承担单位等,Excel或XML,未开放,2015
78,本市生物医药企业信息,市科学技术委员会,包括企业基本信息、专利、产品等,应用接口,未开放,2015
79,,市食品药品监督管理局,,,未开放,2015
80,行政审批事项办理状态信息,市民族宗教事务委员会,编号、办理状态等,应用接口,未开放,2015
81,各区县少数民族人口分布信息,市民族宗教事务委员会,区县、民族、人数等,Excel或XML,未开放,2015
82,少数民族人口统计信息,市民族宗教事务委员会,民族、人数等,Excel或XML,未开放,2015
83,行政审批事项办理状态信息,市公安局,编号、办理状态等,应用接口,未开放,2015
84,焰火燃放单位资质信息,市公安局,单位名称、资质、有效期、地址、电话,Excel,未开放,2015
85,公安局登记备案的机动车检测场信息,市公安局,监测站名称、单位地址、质量监督局认定有效期止、法人代表、负责人、日常联系人、监测站状态,Excel,未开放,2015
86,印章承刻企业信息,市公安局,名称、地址、特行许可证号、工商注册号、联系人、面积,Excel,未开放,2015
87,消防技术服务机构资质信息,市公安局,单位名称、法定代表人、地址、机构类型、资质等级、业务范围、资质有效期,Excel,未开放,2015
88,未年检车辆信息,市公安局,品牌种类、号牌号码、车辆识别代号、机动车状态、机动车检验有效期止,应用接口和Excel,未开放,2015
89,机动车驾驶证换证提醒告知信息,市公安局,档案编号、驾驶证有效期止,应用接口和Excel,未开放,2015
90,机动车驾驶证记分信息,市公安局,档案编号、驾驶证累计积分,应用接口和Excel,未开放,2015
91,机动车报废信息,市公安局,号牌种类、号牌号码、车辆识别代号、机动车状态,应用接口和Excel,未开放,2015
92,电子警察违法未处理情况信息,市公安局,号牌种类、号牌号码、违法时间、通知书号、采集机关,应用接口和Excel,未开放,2015
93,赃物、失物招领信息,市公安局,物品名称、遗失地点、物品类别、登记时间、物品特征,应用接口和Excel,未开放,2015
94,保安服务业信息,市公安局,保安公司名称、办公地址、联系方式等,Excel,未开放,2015
95,失踪人员信息（治安）,市公安局,失踪人员姓名、年龄、照片信息,应用接口,未开放,2015
96,全市交通事故多发道路信息,市公安局,隐患道路名称、路段类型、督办等级、治理责任单位、治理时限,Excel,未开放,2015
97,全市出入境中介机构信息,市公安局,机构代码、机构名称、法人、许可证编号、发证机关、有效期起、有效期至、签发日期、备注,Excel,未开放,2015
98,全市典当企业信息,市公安局,企业名称、地址、法人、联系电话,Excel,未开放,2015
99,生产性废旧金属回收企业信息,市公安局,企业名称、地址、法人、联系电话,Excel,未开放,2015
100,营业性射击场信息,市公安局,企业名称、地址、法人、联系电话,Excel,未开放,2015
101,客运、轮渡码头及周边相关道路交通违法受理窗口信息,市公安局,窗口名称、地址、联系电话,Excel,未开放,2015
102,内河船舶户牌及船名证办理点信息,市公安局,窗口名称、地址、联系电话,Excel,未开放,2015
103,涉及公民权利义务的公安机关规范性文件信息,市公安局,文件名称、文号、发文日期、具体内容,Excel,未开放,2015
104,区县纪委、监察局信息,市监察局,名称、地址、联系电话、传真等信息等,Excel或XML,未开放,2015
105,各委办纪委、监察室,市监察局,名称、地址、联系电话、传真等信息等,Excel或XML,未开放,2015
106,市纪委、市监察委员会各派驻（派出）纪工委（纪检组）、监察室,市监察局,名称、地址、联系电话、传真等信息等,Excel或XML,未开放,2015
107,中央在沪单位纪委（监察室）,市监察局,名称、地址、联系电话、传真等信息等,Excel或XML,未开放,2015
108,行政审批事项办理状态信息,市民政局,编号、办理状态等,应用接口,未开放,2015
109,“双特”涉老行业受理部门,市民政局,市级/区县、受理部门、地址、联系电话等,Excel或XML,未开放,2015
110,各类救助基本信息,市民政局,低保等相关救助信息,应用接口和Excel,未开放,2015
111,婚姻收养登记机关信息,市民政局,名称、区县、邮编、服务时间、收费标准、地址等,Excel或XML,未开放,2015
112,社会组织审批机构信息,市民政局,名称、区县、联系人、电话、传真、邮编、收费标准、地址等,Excel或XML,未开放,2015
113,福彩开奖信息,市民政局,各类福彩开奖结果信息,应用接口和Excel,未开放,2015
114,社会组织基本信息,市民政局,名称、类别、成立日期、登记机关等信息,Excel或XML,未开放,2015
115,社工资格信息,市民政局,姓名、性别、级别、发证日期、证书编号等信息,Excel或XML,未开放,2015
116,福利企业信息,市民政局,认定编码、企业名称等,Excel或XML,未开放,2015
117,经批准的募捐活动信息,市民政局,募捐组织、活动名称、募捐活动的起止时间、募捐活动的地点、合作机构、募捐活动负责人、联系电话等,Excel或XML,未开放,2015
118,募捐组织信息,市民政局,募捐组织名称、地址、联系电话、网址、分类,Excel或XML,未开放,2015
119,社区矫正中心信息,市司法局,区县、联系地址、接待时间、办公电话、邮编等,应用接口或Excel,未开放,2015
120,律师信息,市司法局,姓名、性别、级别、发证日期、证书编号等信息,应用接口和Excel,未开放,2015
121,公证员信息,市司法局,姓名、性别、级别、发证日期、证书编号等信息,应用接口和Excel,未开放,2015
122,司法鉴定人信息,市司法局,姓名、性别、级别、发证日期、证书编号等信息,应用接口和Excel,未开放,2015
123,基层法律工作者信息,市司法局,姓名、性别、级别、发证日期、证书编号等信息,应用接口和Excel,未开放,2015
124,医患纠纷人民调解委员会信息,市司法局,区县、联系地址、接待时间、办公电话、邮编等,Excel或XML,未开放,2015
125,人民调解委员会信息,市司法局,区县、类型、调委会名称、地址、邮编、电话等,Excel或XML,未开放,2015
126,法律援助中心信息,市司法局,机构名称、地址、联系电话、传真、负责人、网站、对外承诺,Excel或XML,未开放,2015
127,公证处信息,市司法局,机构名称、地址、电话、传真、负责人、执业证号、执业证有效期、公证员、发证时间、网址、接待室地址、接待室电话、窗口地址、窗口电话等,Excel或XML,未开放,2015
128,基层法律服务所信息,市司法局,服务所名称、地址、联系电话、负责人、职业证号、组织机构代码、所属区县、传真、人员列表等,Excel或XML,未开放,2015
129,行政审批事项办理状态信息,市财政局,编号、办理状态等,应用接口,未开放,2015
130,市本级一般公共预算和政府性基金支出预算数据,市财政局,科目名称，预算数,Excel或XML,未开放,2015
131,市本级一般公共预算和政府性基金支出决算数据,市财政局,科目名称，预算数,Excel或XML,未开放,2015
132,本市会计从业资格持证人员基础信息,市财政局,姓名、性别、身份证号、证书档案号、首次发证日期、本市证书号（原证书档案号）、发证机关、参加会计工作时间,web页面,未开放,2015
133,事业单位招录信息,市人力资源和社会保障局,公务员、事业单位招考、录用信息等,应用接口和Excel,未开放,2015
134,海外高层次人才信息,市人力资源和社会保障局,海外高层次人才基本信息等,应用接口和Excel,未开放,2015
135,中高级专业技术职务任职资格评审信息,市人力资源和社会保障局,系列名称、级别、评审机构、联系方式等,应用接口和Excel,未开放,2015
136,高级专业技术职务任职资格评审通过人员公示信息,市人力资源和社会保障局,评审机构、取得资格名称和级别、通过人姓名及工作单位,应用接口和Excel,未开放,2015
137,人才中介服务机构信息,市人力资源和社会保障局,单位名称、法人、地址、联系电话等,Excel或XML,未开放,2015
138,中外合作职业技能培训机构信息,市人力资源和社会保障局,名称、地址、联系电话,Excel或XML,未开放,2015
139,本市当年度有效的见习基地信息,市人力资源和社会保障局,名称、地址、联系电话,Excel或XML,未开放,2015
140,政府补贴培训清单信息,市人力资源和社会保障局,政府补贴培训基本信息,应用接口和Excel,未开放,2015
141,上海市就业情况,市人力资源和社会保障局,新增就业岗位、农村富余劳动力非农就业岗位、赞助成功创业人数、城镇登记失业人数,Excel或XML,未开放,2015
142,上海市青年职业见习情况,市人力资源和社会保障局,参加职业见习的青年人数、职业见习后就业率,Excel或XML,未开放,2015
143,来沪就业人员灵活就业登记情况,市人力资源和社会保障局,历年累次办理灵活就业登记,Excel或XML,未开放,2015
144,外国人及中国港澳台人员在沪就业情况,市人力资源和社会保障局,实际在沪就业的外国人、新办外国人就业证、实际在沪就业的港澳台人员、新办港澳台人员就业证、实际在沪就业的定居外国人、新办定居国外人员在沪就业核准证,Excel或XML,未开放,2015
145,上海市职业技能培训情况,市人力资源和社会保障局,职业培训人次、核发证书,Excel或XML,未开放,2015
146,农民工技能培训情况,市人力资源和社会保障局,农民工职业技能培训人次,Excel或XML,未开放,2015
147,上海市调解仲裁机构受理案件情况,市人力资源和社会保障局,调解仲裁机构受理争议案件、调解组织年受理量、仲裁机构年受理量,Excel或XML,未开放,2015
148,上海市劳动保障监察效果,市人力资源和社会保障局,清欠各类工资、追缴各类社会保险费,Excel或XML,未开放,2015
149,上海市工伤认定情况,市人力资源和社会保障局,区县人力资源保障部门工伤认定机构受理工伤认定申请、劳动能力鉴定机构受理工伤鉴定申请、工伤人均待遇标准,Excel或XML,未开放,2015
150,上海市镇保养老金发放情况,市人力资源和社会保障局,镇保参保人数、领取养老金人数、月平均养老金,Excel或XML,未开放,2015
151,医保定点医疗机构情况,市人力资源和社会保障局,定点医疗机构、定点药店数、企事业内部医疗机构、养老内部医疗机构,Excel或XML,未开放,2015
152,社会保险参保人数,市人力资源和社会保障局,城镇基本养老保险（城镇职工、个体工商户和自由职业人员、领取养老金的离退休人员）、城镇职工基本医疗保险（城镇职工、享受医保的离退休人员）、城镇居民基本医疗保险、城镇职工失业保险、城镇职工生育保险、城镇职工工伤保险,Excel或XML,未开放,2015
153,上海市工资专项集体合同覆盖情况,市人力资源和社会保障局,企业工资专项集体合同、区域性工资专项集体合同、行业性工资专项集体合同,Excel或XML,未开放,2015
154,行政审批事项办理状态信息,市城乡建设和管理委员会,编号、办理状态等,应用接口,未开放,2015
155,注册建筑师执业资格信息,市城乡建设和管理委员会,姓名、性别、级别、发证日期、证书编号等信息,Excel或XML,未开放,2015
156,注册建造师执业资格信息,市城乡建设和管理委员会,姓名、性别、级别、发证日期、证书编号等信息,Excel或XML,未开放,2015
157,注册结构工程师执业资格信息,市城乡建设和管理委员会,姓名、性别、级别、发证日期、证书编号等信息,Excel或XML,未开放,2015
158,新型建设工程材料信息,市城乡建设和管理委员会,编号、企业、材料名称等信息,Excel或XML,未开放,2015
159,建筑建材业受理服务部门信息,市城乡建设和管理委员会,部门、地点、类别、咨询电话等,Excel或XML,未开放,2015
160,初步设计审批单位信息,市城乡建设和管理委员会,单位名称、电话、地址等,Excel或XML,未开放,2015
161,建筑相关行业协会信息,市城乡建设和管理委员会,单位名称、电话、地址等,Excel或XML,未开放,2015
162,建材备案部门基本信息,市城乡建设和管理委员会,单位名称、电话、地址等,Excel或XML,未开放,2015
163,外省市驻沪建管部门信息,市城乡建设和管理委员会,单位名称、电话、地址等,Excel或XML,未开放,2015
164,建筑从业单位行政处罚信息,市城乡建设和管理委员会,处罚对象、处罚事由、处罚依据、处罚种类、处罚内容等,应用接口和Excel,未开放,2015
165,建筑从业人员行政处罚信息,市城乡建设和管理委员会,处罚对象、处罚事由、处罚依据、处罚种类、处罚内容、处罚日期、处罚执行情况等,应用接口和Excel,未开放,2015
166,旧区改造信息,市城乡建设和管理委员会,旧区位置、改造进度等,应用接口和Excel,未开放,2015
167,售后公房维修基金信息,市城乡建设和管理委员会,公房位置、维修基金余额、基金使用情况等,应用接口和Excel,未开放,2015
168,重大工程项目信息,市城乡建设和管理委员会,项目情况、项目进度等,应用接口和Excel,未开放,2015
169,城市地下空间信息,市城乡建设和管理委员会,场所名称、地址、建设类别、建设类型、总占地面积、有效使用面积等,应用接口和Excel,未开放,2015
170,住房公积金信息,市城乡建设和管理委员会,姓名、身份证号、公积金缴纳情况、公积金使用情况等,应用接口,未开放,2015
171,燃气企业、器具信息,市城乡建设和管理委员会,企业名称、地址’联系方式，器具生产许可证等,应用接口和Excel,未开放,2015
172,行政审批事项办理状态信息,市交通委员会,编号、办理状态等,应用接口,未开放,2015
173,集装箱运输企业信息,市交通委员会,许可证号（备案证号） 、企业名称、企业地址、联系电话等,Excel或XML,未开放,2015
174,货运出租企业信息,市交通委员会,许可证号（备案证号） 、企业名称、企业地址、联系电话等,Excel或XML,未开放,2015
175,搬场运输企业信息,市交通委员会,许可证号（备案证号） 、企业名称、企业地址、联系电话等,Excel或XML,未开放,2015
176,普通货运企业信息,市交通委员会,许可证号（备案证号） 、企业名称、企业地址、联系电话等,Excel或XML,未开放,2015
177,道路危险化学品(剧毒品)运输企业信息,市交通委员会,企业名称、企业地址、联系电话等,Excel或XML,未开放,2015
178,普通机动车驾驶员培训企业信息,市交通委员会,许可证号（备案证号） 、企业名称、企业地址、联系电话、培训车型等,Excel或XML,未开放,2015
179,夜间施工备案信息,市交通委员会,项目名称、项目地点、工程内容、建设单位、施工单位、备案号、夜间施工时间等,应用接口和Excel,未开放,2015
180,省际客运站信息,市交通委员会,名称、地点、联系电话等,Excel或XML,未开放,2015
181,旅游客运企业信息,市交通委员会,业户名称、经营许可证号、业务电话、经营范围、营运车数等,Excel或XML,未开放,2015
182,汽车租赁企业信息,市交通委员会,企业名称、门店名称、单位地址、租车电话、救援电话、所属区县等,Excel或XML,未开放,2015
183,南浦大桥车流量,市交通委员会,实时流量信息,应用接口,未开放,2015
184,翔殷路隧道车流量,市交通委员会,实时流量信息,应用接口,未开放,2015
185,延安路隧道车流量,市交通委员会,实时流量信息,应用接口,未开放,2015
186,卢浦大桥车流量,市交通委员会,实时流量信息,应用接口,未开放,2015
187,杨浦大桥车流量,市交通委员会,实时流量信息,应用接口,未开放,2015
188,客运轮渡信息,市交通委员会,航线名、时刻表、渡口地址、联系电话、渡口附近交通、航线类别等,Excel或XML,未开放,2015
189,船员信息,市交通委员会,船员姓名、年龄、资质等,应用接口和Excel,未开放,2015
190,内河航道信息,市交通委员会,河流、桥梁、水深、港口、码头等,应用接口和Excel,未开放,2015
191,长途客运售票信息,市交通委员会,售票地点、车票价格、剩余票数等,应用接口,未开放,2015
192,行政审批事项办理状态信息,市农业委员会,编号、办理状态等,应用接口,未开放,2015
193,生猪养殖信息,市农业委员会,日期、生猪存栏（万头）、母猪存栏、苗猪平均价格,Excel,未开放,2015
194,年度农业系列专业技术职务任职资格信息,市农业委员会,姓名、单位、专业、系列,Excel,未开放,2015
195,优良种猪登记结果信息,市农业委员会,类别、原种猪场、登记品种,Excel,未开放,2015
196,农业产业化重点龙头企业信息,市农业委员会,企业名称、地址、联系人、联系电话,Excel,未开放,2015
197,农作物种子经营许可信息,市农业委员会,单位名称、住所、许可证编号、证书有效期限、经营作物范围,Excel,未开放,2015
198,主要农作物种子生产许可信息,市农业委员会,单位名称、许可证编号、生产地点、作物种类、品种名称、证书有效期限,Excel,未开放,2015
199,农作物种子检验员信息,市农业委员会,姓名、受聘检验机构、类别、证号,Excel或XML,未开放,2015
200,本市休闲垂钓场所,市农业委员会,名称、地址、联系电话、开放时间,Excel或XML,未开放,2015
201,本市中心城区犬类管理信息,市农业委员会,市中心城区犬类免疫所地址、联系电话等,Excel或XML,未开放,2015
202,行政审批事项办理状态信息,市环境保护局,编号、办理状态等,应用接口,未开放,2015
203,辐射安全许可信息,市环境保护局,编号、时间、单位等信息,Excel或XML,未开放,2015
204,危险废物综合经营许可信息,市环境保护局,编号、时间、单位等信息,Excel或XML,未开放,2015
205,本市地表水水质信息,市环境保护局,时间、河流名称、断面名称、水质类别、主要污染物等信息,Excel或XML,未开放,2015
206,国家级生态镇信息,市环境保护局,名称、地址、命名时间等,Excel或XML,未开放,2015
207,重点行业环境整治信息,市环境保护局,检查类别、企业名称、主要产品、检查结果等,应用接口和Excel,未开放,2015
208,行政审批事项办理状态信息,市规划和国土资源管理局,编号、办理状态等,应用接口,未开放,2015
209,矿产资源储量评审备案、登记信息,市规划和国土资源管理局,矿产资源储量评审备案登记信息,Excel,未开放,2015
210,建设项目压覆矿产资源情况证明、建设项目压覆矿产资源审批信息,市规划和国土资源管理局,压覆矿产资源信息,Excel,未开放,2015
211,市政交通工程竣工规划验收信息,市规划和国土资源管理局,市政交通工程竣工规划验收的信息,Excel,未开放,2015
212,市政管线工程竣工规划验收信息,市规划和国土资源管理局,市政管线工程竣工规划验收的信息,Excel,未开放,2015
213,城市规划编制单位资质审批信息,市规划和国土资源管理局,城市规划编制单位核发证书的信息,Excel,未开放,2015
214,城市总体规划的审批,市规划和国土资源管理局,城市总体规划的相关信息,Excel,未开放,2015
215,近期建设规划的审批与推进信息,市规划和国土资源管理局,近期建设规划的相关信息,Excel,未开放,2015
216,中心城分区规划的审批与推进信息,市规划和国土资源管理局,中心城分区规划的相关信息,Excel,未开放,2015
217,郊区区县总体规划的审批与推进信息,市规划和国土资源管理局,郊区区县总体规划的相关信息,Excel,未开放,2015
218,新城、新市镇总体规划的审批与推进信息,市规划和国土资源管理局,新城、新市镇总体规划的相关信息,Excel,未开放,2015
219,区县与乡镇土地利用总体规划的审批与推进信息,市规划和国土资源管理局,区县与乡镇土地利用总体规划的相关信息,Excel,未开放,2015
220,中心城、新城、新市镇控制性详细规划审批信息,市规划和国土资源管理局,中心城、新城、新市镇控制性详细规划,Excel,未开放,2015
221,居住区类地名审批信息,市规划和国土资源管理局,居住区类地名审批信息,Excel,未开放,2015
222,建筑物类地名审批信息,市规划和国土资源管理局,建筑物类地名审批信息,Excel,未开放,2015
223,市政交通类地名审批信息,市规划和国土资源管理局,市政交通类地名审批信息,Excel,未开放,2015
224,农村土地征用拆迁信息,市规划和国土资源管理局,拆迁范围、拆迁公告等,应用接口和Excel,未开放,2015
225,地面沉降信息,市规划和国土资源管理局,地面沉降数据,应用接口,未开放,2015
226,水闸水位数据,市水务局,水闸名称、闸门启闭高度、内外河水位,应用接口,未开放,2015
227,市属供水企业供水总量月报,市水务局,,应用接口和Excel,未开放,2015
228,水情数据,市水务局,水位、雨量整体数据,应用接口和Excel,未开放,2015
229,行政审批事项办理状态信息,市文化广播影视管理,编号、办理状态等,应用接口,未开放,2015
230,各类展览展示信息,市文化广播影视管理,时间、地点、费用等,应用接口和Excel,未开放,2015
231,各类演出信息,市文化广播影视管理,演出时间、地点、主办方、售票时间、电话等,Excel或XML,未开放,2015
232,文化交流统计信息,市文化广播影视管理,年份、艺术表演团体、演出场次 、观众人次等,Excel或XML,未开放,2015
233,广播电视经营单位信息,市文化广播影视管理,单位名称、注册地址、经营地址、单位电话、单位邮编、法人代表等,Excel或XML,未开放,2015
234,演出行业协会信息,市文化广播影视管理,单位名称、注册地址、经营地址、单位电话、单位邮编、法人代表等,Excel或XML,未开放,2015
235,美术品经营单位信息,市文化广播影视管理,区县、单位名称、注册地址、经营地址、单位电话、单位邮编、法人代表等,Excel或XML,未开放,2015
236,互联网文化经营单位信息,市文化广播影视管理,单位名称、注册地址、单位电话、单位邮编、法人代表等信息,Excel或XML,未开放,2015
237,电视剧制作许可信息,市文化广播影视管理,编号、类别、时间、单位等信息,Excel或XML,未开放,2015
238,本市非物质文化遗产信息,市文化广播影视管理,项目标号、项目名称、申报地区或单位、批次等,应用接口和Excel,未开放,2015
239,珍贵音视频艺术资料信息,市文化广播影视管理,资料名称、内容描述、格式等,应用接口和Excel,未开放,2015
240,文化产业统计数据,市文化广播影视管理,历年文化产业统计指标及统计值,Excel,未开放,2015
241,行政审批事项办理状态信息,市卫生和计划生育委员会,编号、办理状态等,应用接口,未开放,2015
242,放射诊疗许可信息,市卫生和计划生育委员会,编号、类别、许可时间等信息,Excel或XML,未开放,2015
243,港澳医务人员执业许可信息,市卫生和计划生育委员会,编号、姓名、类别、许可时间等信息,Excel或XML,未开放,2015
244,护士执业资格信息,市卫生和计划生育委员会,编号、姓名、类别、许可时间等信息,应用接口和Excel,未开放,2015
245,医师资格信息,市卫生和计划生育委员会,编号、姓名、类别、许可时间等信息,应用接口和Excel,未开放,2015
246,集中式供水单位卫生许可信息,市卫生和计划生育委员会,编号、类别、时间、单位等信息,Excel或XML,未开放,2015
247,母婴保健机构服务人员资格许可信息,市卫生和计划生育委员会,编号、姓名、类别、许可时间等信息,Excel或XML,未开放,2015
248,母婴保健技术服务执业许可信息,市卫生和计划生育委员会,编号、姓名、类别、许可时间等信息,Excel或XML,未开放,2015
249,本市血站信息,市卫生和计划生育委员会,名称、地址、电话、邮编等,Excel或XML,未开放,2015
250,卫生监督检查信息,市卫生和计划生育委员会,类别、区域、单位、检查结果等信息,Excel或XML,未开放,2015
251,吊销医师执业证信息,市卫生和计划生育委员会,医师姓名、执业证书编号、执业医疗机构、吊销执业证书时间、处罚机关等,Excel或XML,未开放,2015
252,区县审计局信息,市审计局,机构名称、地址、电话、邮编等,Excel,未开放,2015
253,项目计划信息,市审计局,项目计划基本信息,Excel,未开放,2015
254,审计工作成果信息,市审计局,审计工作基本信息,Excel,未开放,2015
255,审计结果公告信息,市审计局,审计结果基本信息,Excel,未开放,2015
256,审计工作报告信息,市审计局,审计工作报告基本信息,Excel,未开放,2015
257,审计整改报告信息,市审计局,审计整改报告基本信息,Excel,未开放,2015
258,各国驻沪领事馆信息,市外事办公室,名称、地址、电话等,Excel,未开放,2015
259,本市友好城市信息,市外事办公室,城市、所属国家、友好类别等信息,Excel,未开放,2015
260,市国资委监管单位基本信息,市国有资产监督管理委员会,单位名称、地址、联系电话等信息,Excel或XML,未开放,2015
261,市国有资产统计信息,市国有资产监督管理委员会,地方国资总量、资产、负债、营业收入等,Excel或XML,未开放,2015
262,全市国有资产评估情况统计信息,市国有资产监督管理委员会,项目数、净资产账面值、净资产评估值等,Excel或XML,未开放,2015
263,行政审批事项办理状态信息,市地方税务局,编号、办理状态等,应用接口,未开放,2015
264,区县房地产交易中心税务窗口信息,市地方税务局,办税服务场所名称、地址、咨询电话、接听时间等,应用接口和Excel,未开放,2015
265,企业纳税信用等级信息,市地方税务局,纳税人税务登记号、纳税人名称、纳税信用等级等,应用接口和Excel,未开放,2015
266,税务师事务所信息,市地方税务局,执业证号、事务所名称、所长名称、状态等,应用接口和Excel,未开放,2015
267,欠缴税款纳税人名单信息,市地方税务局,纳税人名称、税务登记号、负责人姓名、证件名称、证件号码、欠税金额、税款所属税务机关等,应用接口和Excel,未开放,2015
268,非正常户信息,市地方税务局,征管分局、纳税人识别码、企业名称、法定代表人（负责人）、非正常户认定日期等,应用接口和Excel,未开放,2015
269,零散税收委托征管受托方信息,市地方税务局,委托人名称、受托方名称、地址、电话、代征范围、工作时间等,应用接口和Excel,未开放,2015
270,重大税收违法案件信息,市地方税务局,纳税人识别码、纳税人名称、主要违法事实等,应用接口,未开放,2015
271,行政审批事项办理状态信息,市工商行政管理局,编号、办理状态等,应用接口,未开放,2015
272,执业经纪人信息,市工商行政管理局,执业经纪人姓名、执业经纪人证书号、执业经纪人类别、执业经纪人所在经纪企业的名称等,应用接口和Excel,未开放,2015
273,经营异常企业信息,市工商行政管理局,企业名称、注册号、法定代表人、住所（经营场所）、载入决定时间、载入事由等,应用接口和Excel,未开放,2015
274,严重违法企业信息,市工商行政管理局,企业名称、注册号、法定代表人、住所（经营场所）、载入决定时间、载入事由等,应用接口和Excel,未开放,2015
275,市场主体发展统计数据,市工商行政管理局,内资企业的企业户数/注册资本、外商投资企业的企业户数/注册资本/投资总额、私营企业的企业户数/注册资本、个体工商户的户数/资金数额、农民专业合作社的户数/出资总额等,Excel或XML,未开放,2015
276,流通领域商品监测信息,市工商行政管理局,被抽检人、商品名称、标称商标、型号规格、生产日期/批号、标称生产企业、是否合格、不合格项目等,Excel或XML,未开放,2015
277,工商行政处罚信息,市工商行政管理局,行政处罚决定书文号、行政处罚当事人、基本情况、违法行为类型、行政处罚内容、作出行政处罚决定机关名称、作出行政处罚决定日期、案件名称等,应用接口和Excel,未开放,2015
278,固定形式印刷品广告登记证,市工商行政管理局,登记编号、固定形式印刷品广告名称、发布单位名称、发布单位地址、有效期限等,应用接口和Excel,未开放,2015
279,行政审批事项办理状态信息,市质量技监局,编号、办理状态等,应用接口,未开放,2015
280,社会机动车安检机构,市质量技监局,机构名称、检测场所地址、联系电话、邮编、所在区县、许可证编号、发证日期,应用接口,未开放,2015
281,“上海名牌”基本信息,市质量技监局,产品名称、产品分类、品牌、生产企业名称、年份等,Excel或XML,未开放,2015
282,工程设备监理单位信息,市质量技监局,企业名称、证书编号、资质等级、发证日期、有效期等,Excel或XML,未开放,2015
283,法定计量检定机构信息,市质量技监局,单位名称、地址、联系电话、证书编号、发证日期、有效期、联系人,应用接口,未开放,2015
284,授权计量检定机构信息,市质量技监局,单位名称、地址、联系电话、证书编号、发证日期、有效期、联系人,应用接口,未开放,2015
285,计量校准实验室信息,市质量技监局,单位名称、地址、联系电话、证书编号、发证日期、有效期、联系人,应用接口,未开放,2015
286,社会公正计量行（站）信息,市质量技监局,单位名称、地址、联系电话、证书编号、发证日期、有效期、联系人,应用接口,未开放,2015
287,法定质检机构信息,市质量技监局,资质名称、证件号、证件名称、获证单位名称、获证单位组织机构代码、发证单位、发证日期、证件有效期,应用接口,未开放,2015
288,授权质检机构信息,市质量技监局,资质名称、证件号、证件名称、获证单位名称、获证单位组织机构代码、发证单位、发证日期、证件有效期,应用接口,未开放,2015
289,资质认定(计量认证)获证机构信息,市质量技监局,单位名称、实验室地址、电话、证书编号、发证日期、有效期,应用接口,未开放,2015
290,产品检测机构信息,市质量技监局,批准检测单位名称、产品名称、批准文号、承担任务、省别、地址、邮编、联系电话、联系人,应用接口,未开放,2015
291,重要工业产品生产许可证核发信息,市质量技监局,单位名称、产品名称、证书编号、组织机构代码、生产地址、发证日期、有效期,应用接口,未开放,2015
292,组织机构代码信息,市质量技监局,企业的基本信息，包括企业组织机构代码、企业名称、注册资金、注册地址,应用接口,未开放,2015
293,食品相关产品生产许可获证企业信息,市质量技监局,企业名称、组织机构代码、注册地址、生产地址、产品名称、单元明细、许可证编号、有效期、发证日期、检验方式,应用接口,未开放,2015
294,食品相关产品生产许可证注销信息,市质量技监局,企业名称、产品名称、住所、生产地点、证书编号、注销原因、注销日期,Excel或XML,未开放,2015
295,特种设备检验检测信息,市质量技监局,电梯、锅炉、气瓶等特种设备的单位名称、设备名称、检验检测时间和结果,应用接口,未开放,2015
296,市级政府部门统计调查项目信息,市统计局,统计调查项目名称、制发单位名称、批准（或备案）文号、有效期至,Excel或XML,未开放,2015
297,区县统计局制订的专项（一次性）调查项目信息,市统计局,统计调查项目名称、制发单位名称、批准（或备案）文号、有效期至,Excel或XML,未开放,2015
298,区县统计局批准的区县级政府部门统计调查项目信息,市统计局,统计调查项目名称、制发单位名称、批准（或备案）文号、有效期至,Excel或XML,未开放,2015
299,经济普查公报及主要数据,市统计局,经济普查详细数据等,Excel或XML,未开放,2015
300,涉外调查许可证信息,市统计局,许可证编号、机构名称、有效期限等,Excel或XML,未开放,2015
301,行政审批事项办理状态信息,市新闻出版局,编号、办理状态等,应用接口,未开放,2015
302,印刷复制企业基本信息,市新闻出版局,企业名称、类别、地址、电子邮箱、联系电话等,应用接口和Excel,未开放,2015
303,农家书屋信息,市新闻出版局,名称、地址、管理员、联系电话、所属区县等,应用接口和Excel,未开放,2015
304,出版物发行单位基本信息,市新闻出版局,单位名称、法定代表人（负责人）、地址、企业性质、经营范围、许可证号、许可证有效期等,应用接口和Excel,未开放,2015
305,驻沪记者站信息,市新闻出版局,记者站名称、地址、邮编、电话、负责人个,应用接口和Excel,未开放,2015
306,作品著作权登记信息,市新闻出版局,作品名称、作品登记号、作品类别、著作权人、作者、登记日期等,应用接口和Excel,未开放,2015
307,著作权合同备案信息,市新闻出版局,作品名称、作品登记号、作品类别、被许可人/受让人、许可人/转让人、登记日期等,应用接口和Excel,未开放,2015
308,各项体育运动纪录信息,市体育局,项目、成绩、创造者、出生年月、比赛、名称、日期、地点等,Excel或XML,未开放,2015
309,百姓健身步道信息,市体育局,百姓健身步道名称、区县、所在街道镇、地址、步道长度/宽度、新增体育面积等,Excel或XML,未开放,2015
310,社区百姓健身房信息,市体育局,社区百姓健身房名称、区县、所在街道镇、地址、器械房面积、主要房间等,Excel或XML,未开放,2015
311,社区公共运动场设施信息,市体育局,区县、名称、地址、体育设施及数量、体育场地面积、收费情况等,Excel或XML,未开放,2015
312,百姓游泳池信息,市体育局,区县、所在街道镇、百姓游泳池名称、地址、百姓游泳池型制、百姓游泳池式制、池子长度和宽度等,Excel或XML,未开放,2015
313,体彩销售点信息,市体育局,名称、地址、销售彩种、联系方式等,Excel或XML,未开放,2015
314,体育传统项目学校基本信息,市体育局,区县、名称、地址、等级、项目等,Excel或XML,未开放,2015
315,体质监测指导中心信息,市体育局,名称、地址、区县、联系电话等,Excel或XML,未开放,2015
316,社会体育指导员信息,市体育局,指导员姓名、人员构成、指导项目名称、授予单位、授予部门、级别等,应用接口和Excel,未开放,2015
317,旅游景区客流最大承载量,市旅游局,景区名称、景区等级、日承载量（人次）、瞬时承载量（人次）等,Excel或XML,未开放,2015
318,旅游统计数据信息,市旅游局,本市接待入境旅游者人数、外国人按主要客源国分、旅游饭店客房平均出租率和平均房价、旅行社外联/接待入境旅游人数、旅行社组织出境旅游人数、旅行社国内旅游组团人数和接待人数等,Excel或XML,未开放,2015
319,旅游信息服务点信息,市旅游局,行政区、信息苑、街道、地址、联系电话等,Excel或XML,未开放,2015
320,赴台旅行社信息,市旅游局,许可证编号、旅行社名称、电话等,Excel或XML,未开放,2015
321,出境游旅行社信息,市旅游局,许可证编号、旅行社名称、电话等,Excel或XML,未开放,2015
322,专利代理机构申报审查,市知识产权局,编号、办理状态等,应用接口,未开放,2015
323,专利广告出证,市知识产权局,编号、办理状态等,应用接口,未开放,2015
324,专利统计信息,市知识产权局,申请量、授权量,Excel或XML,未开放,2015
325,行政审批事项办理状态信息,市绿化和市容管理局,编号、办理状态等,应用接口,未开放,2015
326,生活垃圾收集点信息,市绿化和市容管理局,区县、地址,Excel或XML,未开放,2015
327,倒粪站信息,市绿化和市容管理局,区县、地址,Excel或XML,未开放,2015
328,化粪池信息,市绿化和市容管理局,区县、地址,Excel或XML,未开放,2015
329,清道工人休息场所信息,市绿化和市容管理局,区县、地址,Excel或XML,未开放,2015
330,生活垃圾无害化处理场信息,市绿化和市容管理局,区县、地址,Excel或XML,未开放,2015
331,焚烧厂信息,市绿化和市容管理局,区县、地址,Excel或XML,未开放,2015
332,生活垃圾中转站信息,市绿化和市容管理局,区县、地址,Excel或XML,未开放,2015
333,林荫道信息,市绿化和市容管理局,全市131条林荫大道数据，包括名称、地址,Excel或XML,未开放,2015
334,公园活动信息,市绿化和市容管理局,2015公园活动信息，包括公园名称、地址、活动名称、时间、交通,Excel或XML,未开放,2015
335,认建认养信息,市绿化和市容管理局,区域、可认建认养地块（树木）、面积、棵数、联系电话、联系人,Excel或XML,未开放,2015
336,工程渣土运输服务企业信息,市绿化和市容管理局,企业名称、区县、注册地址、邮编,Excel或XML,未开放,2015
337,水域保洁企业信息,市绿化和市容管理局,企业名称、单位地址、邮编等,Excel或XML,未开放,2015
338,珍稀动植物信息,市绿化和市容管理局,学名、拉丁学名、所属科目、保护级别,Excel或XML,未开放,2015
339,“花园单位”信息,市绿化和市容管理局,区县、单位名称、命名时间,Excel或XML,未开放,2015
340,垃圾分类场所信息,市绿化和市容管理局,名称、地址、街镇,Excel或XML,未开放,2015
341,园林绿化企业资质信息,市绿化和市容管理局,营业执照注册号、法人名称、证件名称、证件号、发证单位、资质等级、有效期起（止）,Excel或XML,未开放,2015
342,行政审批事项办理状态信息,市住房保障和房屋管理局,编号、办理状态,应用接口,未开放,2015
343,注册房地产估价师,市住房保障和房屋管理局,姓名、所属机构、房地产估价师注册号,Excel或XML,未开放,2015
344,住宅小区经理信息,市住房保障和房屋管理局,姓名、在管项目、全国证编号、上海证编号,Excel或XML,未开放,2015
345,居住小区信息,市住房保障和房屋管理局,小区名称、小区地址、在管物业企业、所在区县、所在街道、房屋类型、建筑面积,Excel或XML,未开放,2015
346,优秀历史建筑信息,市住房保障和房屋管理局,原名、现名、地址、简介、图片,Excel或XML,未开放,2015
347,行政审批事项办理状态信息,市安全生产监督管理局,编号、办理状态等,应用接口,未开放,2015
348,检测检验机构基本信息,市安全生产监督管理局,机构名称、地址、证书编号、资质等级、有效期至、检测领域等,Excel或XML,未开放,2015
349,危险化学品生产企业信息,市安全生产监督管理局,企业名称、许可生产范围、生产许可证编号、开始有效日期、结束有效日期等,Excel或XML,未开放,2015
350,乙级安全评价机构信息,市安全生产监督管理局,证书编号、名称、地址、业务范围等,Excel或XML,未开放,2015
351,特种作业证信息,市安全生产监督管理局,特种作业证编号、姓名、类别等,应用接口,未开放,2015
352,非煤矿山生产企业信息,市安全生产监督管理局,企业名称、许可生产范围、生产许可证编号、开始有效日期、结束有效日期等,Excel或XML,未开放,2015
353,第一类非药品类易制毒化学品经营单位信息,市安全生产监督管理局,企业名称、经营范围、开始有效日期、结束有效日期等,Excel或XML,未开放,2015
354,第一类非药品类易制毒化学品生产单位信息,市安全生产监督管理局,企业名称、许可生产范围、生产许可证编号、开始有效日期、结束有效日期等,Excel或XML,未开放,2015
355,危险化学品建设项目信息,市安全生产监督管理局,建设项目名称、预评价审查通过时间、安全设计审查通过时间等,Excel或XML,未开放,2015
356,职业卫生技术服务机构,市安全生产监督管理局,单位名称、单位地址、法定代表人、资质证书编号、等级、业务范围、有效期限等,Excel或XML,未开放,2015
357,行政审批事项办理状态信息,市民防办公室,编号、办理状态等,应用接口,未开放,2015
358,应急避难场所信息,市民防办公室,场所名称、所属区县、街道（乡镇）、地址、建设类别、建设类型、总占地面积、有效使用面积、避难人数、建设主体等,Excel或XML,未开放,2015
359,人防工程监理企业信息,市民防办公室,企业名称、资质级别、有效日期、地址、联系电话等,Excel或XML,未开放,2015
360,人防施工图审查机构信息,市民防办公室,审查机构名称、资质证书编号、联系人、职务、联系电话、办公地址等,Excel或XML,未开放,2015
361,人防工程防护设备定点企业信息,市民防办公室,企业名称、地址、联系电话、主要产品等,Excel或XML,未开放,2015
362,各地驻沪办信息,市人民政府合作交流办公室,名称、地址、联系电话等,Excel或XML,未开放,2015
363,市府驻外办信息,市人民政府合作交流办公室,名称、地址、联系电话等,Excel或XML,未开放,2015
364,各地在沪商会信息,市人民政府合作交流办公室,名称、地址、联系电话、商会简介、会员数量等,Excel或XML,未开放,2015
365,来沪投资企业信息,市人民政府合作交流办公室,相关统计分析信息,Excel或XML,未开放,2015
366,在外投资企业信息,市人民政府合作交流办公室,相关统计分析信息,Excel或XML,未开放,2015
367,行政审批事项办理状态信息,市金融服务办公室,编号、办理状态等,应用接口,未开放,2015
368,金融管理部门和金融机构信息,市金融服务办公室,名称、地址、联系电话、类别等,Excel或XML,未开放,2015
369,银行业非存款类金融机构信息,市金融服务办公室,名称、地址、联系电话等,Excel或XML,未开放,2015
370,交易及结算类金融机构信息,市金融服务办公室,名称、地址、联系电话等,Excel或XML,未开放,2015
371,金融控股公司信息,市金融服务办公室,名称、地址、联系电话等,Excel或XML,未开放,2015
372,行政审批事项办理状态信息,市口岸服务办公室,编号、办理状态等等,应用接口,未开放,2015
373,口岸统计数据,市口岸服务办公室,货物、人员、交通工具等,Excel,未开放,2015
374,行政审批事项办理状态信息,市食品药品监督管理局,编号、办理状态等等,应用接口,未开放,2015
375,药品、医疗器械第三方物流企业信息,市食品药品监督管理局,企业名称、地址、联系电话、委托范围等,Excel或XML,未开放,2015
376,获GMP认证证书企业信息,市食品药品监督管理局,证书编号、企业名称、地址、认证范围 、发证日期、有效截止日期、认证GMP版本等,应用接口和Excel,未开放,2015
377,获GSP认证证书企业信息,市食品药品监督管理局,企业名称 、企业地址、认证范围、经营范围、发证时间、证书编号等,应用接口和Excel,未开放,2015
378,集体用餐配送单位信息,市食品药品监督管理局,企业名称、所属区县、许可证号、地址、核定供应数量等,Excel或XML,未开放,2015
379,保健食品生产单位信息,市食品药品监督管理局,许可证号、名称、法人或业主、地址、许可范围、发证机关、许可期限起、许可期限至、发证时间、备注等,Excel或XML,未开放,2015
380,保健食品经营单位信息,市食品药品监督管理局,许可证号、单位名称、法定代表人或业主、地址、许可范围、发证机关、许可期限起、许可期限至、发证时间等,Excel或XML,未开放,2015
381,医疗器械召回信息,市食品药品监督管理局,医疗器械召回、医疗器械召回事件报告表等短文信息等,Excel或XML,未开放,2015
382,行政审批事项办理状态信息,市粮食局,编号、办理状态等,应用接口,未开放,2015
383,粮食管理机构信息,市粮食局,名称、地址、联系电话、邮编等,Excel或XML,未开放,2015
384,粮食收购点信息,市粮食局,名称、地址、联系电话、邮编、联系人等,Excel或XML,未开放,2015
385,帮困粮油供应点信息,市粮食局,名称、地址、联系电话、邮编、联系人等,Excel或XML,未开放,2015
386,应急零售网点信息,市粮食局,名称、地址、联系电话、邮编、联系人等,Excel或XML,未开放,2015
387,粮食批发市场信息,市粮食局,名称、地址、联系电话、邮编、联系人等,Excel或XML,未开放,2015
388,粮油加工企业信息,市粮食局,名称、地址、联系电话、邮编、联系人等,Excel或XML,未开放,2015
389,副补发放点信息,市粮食局,名称、地址、联系电话、邮编、联系人等,Excel或XML,未开放,2015
390,粮油仓储设施信息,市粮食局,名称、地址、联系电话、邮编,Excel或XML,未开放,2015
391,行政审批事项办理状态信息,市社会团体管理局,编号、办理状态等,应用接口,未开放,2015
392,社会组织服务中心信息,市社会团体管理局,社会组织名称、登记机关、业务主管单位、成立时间、地址、联系电话等,Excel或XML,未开放,2015
393,公务员招录信息,市公务员局,相关公务员招考、录用信息等,应用接口和Excel,未开放,2015
394,行政审批事项办理状态信息,市消防局,编号、办理状态等,应用接口,未开放,2015
395,烟花爆竹经营许可网点信息,市消防局,许可证名称、经营场所/仓储地址、电话等,Excel或XML,未开放,2015
396,消防接待窗口信息,市消防局,名称、地点、接待时间、联系电话等,Excel或XML,未开放,2015
397,灭火器维修企业信息,市消防局,维修企业名称、地址、能力检验合格产品类别、联系人、联系电话等,Excel或XML,未开放,2015
398,消防审图公司基本信息,市消防局,单位名称、地址、传真、联系电话等,Excel或XML,未开放,2015
399,焰火燃放单位信息,市消防局,单位名称、地址、传真、联系电话等,Excel或XML,未开放,2015
400,消防支/大/中队基本信息,市消防局,名称、地址、邮编、传真、联系电话等,Excel或XML,未开放,2015
401,消防技术服务机构信息,市消防局,机构名称、地址、联系电话、法定代表人代表、业务范围、与技术服务机构有隶属关系的施工企业名称、技术负责人、执业活动记录、违法行为记录、不良行为记录等,Excel或XML,未开放,2015
402,职工法律援助中心、工作站信息,市总工会,名称、地址、区县、联系电话、接待时间等,Excel或XML,未开放,2015
403,工会服务设施信息,市总工会,名称、地址、开放时间、服务项目、收费标准、联系人、联系电话等,Excel或XML,未开放,2015
404,五一劳动奖章信息,市总工会,姓名、所在单位、职务、年份等,Excel或XML,未开放,2015
405,五一劳动奖状信息,市总工会,单位名称、年份等,Excel或XML,未开放,2015
406,工人先锋号信息,市总工会,名称、年份等,Excel或XML,未开放,2015
407,工会系统体育场地信息,市总工会,名称、地址、联系人、联系电话、场地面积、现有场馆数量及类型等,Excel或XML,未开放,2015
408,团组织信息,团市委,团组织名称、所属系统、区县、地址、邮编、联系电话等,Excel或XML,未开放,2015
409,青年读书会信息,团市委,名称、区县、地址、时间、联系电话、内容简介、网址等,Excel或XML,未开放,2015
410,社工组织信息,团市委,社工组织名称、区县、地址、联系电话、主要服务内容等,Excel或XML,未开放,2015
411,爱国主义教育基地信息,团市委,名称、区县、地址、联系电话、邮编、传真、级别等,Excel或XML,未开放,2015
412,青年文明号信息,团市委,名称、区县、地址、联系电话、级别、特色服务等,Excel或XML,未开放,2015
413,青年中心信息,团市委,名称、区县、地址、联系电话、主题特色等,Excel或XML,未开放,2015
414,青年组织者信息,团市委,组织名称、地址、联系电话、邮编、组织简介等,Excel或XML,未开放,2015
415,示范性家政服务站信息,市妇联,名称、地址、区县、联系人、联系电话等,Excel或XML,未开放,2015
416,妇联基层组织信息,市妇联,名称、地址、邮编、联系电话等,Excel或XML,未开放,2015
417,本市残联机构信息,市残联,名称、地址、联系电话等,Excel或XML,未开放,2015
418,残疾车修理点信息,市残联,名称、地址、联系电话、联系人、所属区县等,Excel或XML,未开放,2015
419,“阳光之家”信息,市残联,名称、地址、联系电话、联系人、所属区县等,Excel或XML,未开放,2015
420,残疾人康复中心信息,市残联,名称、地址、联系电话、联系人、所属区县等,Excel或XML,未开放,2015
421,“阳光心园”信息,市残联,名称、地址、联系电话、联系人、所属区县等,Excel或XML,未开放,2015
422,残疾人辅助器具服务点,市残联,名称、地址、联系电话、联系人、所属区县等,Excel或XML,未开放,2015
423,残疾人康复服务指导站信息,市残联,名称、地址、联系电话、联系人、所属区县等,Excel或XML,未开放,2015
424,残疾人就业指导中心信息,市残联,名称、地址、联系电话、联系人、所属区县等,Excel或XML,未开放,2015
425,“阳光基地”信息,市残联,名称、地址、联系电话、联系人、所属区县等,Excel或XML,未开放,2015
426,社会捐助点信息,市慈善基金会,名称、地址、邮编、联系电话等,Excel或XML,未开放,2015
427,市慈善基金会项目目录信息,市慈善基金会,项目名称、项目内容、人次、金额等,Excel或XML,未开放,2015
428,慈善爱心屋信息,市慈善基金会,名称、地址、邮编、联系电话等,Excel或XML,未开放,2015
429,“i-Shanghai”免费网络,市经济和信息化委员会,场所名称、行政区域、运营商、覆盖范围、客服电话等,未说明,已开放,2014
430,加油站,市经济和信息化委员会,名称、地址、电话、价格、服务内容等,未说明,已开放,2014
431,产业结构调整市重点项目,市经济和信息化委员会,产业名称、地址、所属行业、占地面积、调整方式,未说明,已开放,2014
432,成品油批发和仓储企业,市经济和信息化委员会,企业名称、地址、邮编、企业性质、成品油批发/仓储经营许可证编号,未说明,已开放,2014
433,企业技术中心认定,市经济和信息化委员会,认定总数、领域分布、区域分布,未说明,已开放,2014
434,工业投资信息,市经济和信息化委员会,工业投资总量、增速、制造业、水电气供应业、各种所有制类型、重点行业投资总量、增速,未说明,已开放,2014
435,节能服务机构,市经济和信息化委员会,机构名称、地址、服务时间、联系电话,未说明,已开放,2014
436,燃煤（重油）锅炉清洁能源替代受理点,市经济和信息化委员会,受理点名称、地址、服务时间、联系电话等,未说明,已开放,2014
437,化工、钢铁、有色金属、稀土产业主要企业,市经济和信息化委员会,企业名称、地址、企业性质、主要产品等,未说明,未开放,2014
438,创意产业集聚区,市经济和信息化委员会,集聚区名称、地址、主导产业、概况、入驻企业、服务平台、联系方式,未说明,已开放,2014
439,集成电路设计企业,市经济和信息化委员会,企业名称、地址、主要产品、联系电话等,未说明,已开放,2014
440,电子信息制造领域行业协会,市经济和信息化委员会,协会名称、地址、服务内容、联系电话、会员单位等,未说明,已开放,2014
441,生产性功能服务区,市经济和信息化委员会,功能区名称、所在区县、四至范围、规划面积、批复设立时间、功能定位等,未说明,已开放,2014
442,软件企业认定相关数据,市经济和信息化委员会,企业名称、注册地址、企业性质、税务登记号、企业研发情况、联系电话等,未说明,未开放,2014
443,软件产品登记,市经济和信息化委员会,软件类型、应用领域、开发作者、检测部门、联系电话等,未说明,未开放,2014
444,计算机信息系统集成资质企业,市经济和信息化委员会,本市获得计算机信息系统集成资质企业名单,未说明,已开放,2014
445,信息服务业产业基地,市经济和信息化委员会,基地全称、界域、运营管理机构及联系方式、主要领域类别,未说明,已开放,2014
446,软件和信息服务业机构,市经济和信息化委员会,机构地址、电话、服务内容、行业信息等,未说明,已开放,2014
447,供电服务机构,市经济和信息化委员会,机构名称、地址、服务时间、服务内容、服务范围、联系电话等,未说明,已开放,2014
448,电力供需平衡预测,市经济和信息化委员会,本市日最高用电负荷、最高可用电力、预计电力供需平衡情况等预测信息,未说明,已开放,2014
449,全社会用电量,市经济和信息化委员会,本市全社会月度用电量、分产业用电量等,未说明,已开放,2014
450,工业园区,市经济和信息化委员会,园区名称、地址、类型、网址、联系电话等,未说明,已开放,2014
451,重点中央在沪企业,市经济和信息化委员会,企业名称、地址、联系电话等,未说明,已开放,2014
452,法人网上身份统一认证网点,市经济和信息化委员会,网点地址、服务时间、联系电话等,未说明,已开放,2014
453,信息安全服务机构推荐名单,市经济和信息化委员会,机构名称、地址、联系电话等,未说明,已开放,2014
454,电子政务领域国产信息安全产品使用排名,市经济和信息化委员会,产品类型、产商名称、应用数量等,未说明,已开放,2014
455,信用服务机构备案信息,市经济和信息化委员会,备案编号、单位名称、地址、邮编、联系方式、联系人和负责人、主营业务、经营范围等,未说明,已开放,2014
456,便民早餐网点,市商务委员会,网点名称、地址、联系电话、营业时间、早餐品种等,未说明,疑似开放,2014
457,标准化菜场,市商务委员会,菜场名称、地址、所属区县、建筑面积、联系电话、营业时间、摊位设置情况、附近交通、主要菜品价格等,未说明,未开放,2014
458,大卖场/超市/便利店网点,市商务委员会,网点名称、地址、联系电话、营业时间、附近交通等,未说明,未开放,2014
459,活禽定点零售交易点,市商务委员会,网点名称、地址、所属区县、备案号（登记号）、联系电话、休市时间等,未说明,未开放,2014
460,商务统计数据,市商务委员会,社会消费品零售总额、商品销售总额、进出口总额、外商直接投资合同金额、外商直接投资合同项目、实际使用外资金额等,未说明,未开放,2014
461,主副食品批发行情,市商务委员会,采样时间、采样地点、品种、规格、价格等,未说明,未开放,2014
462,高等教育机构,市教育委员会,机构名称、地址、类别、办学类型（公办或民办）、联系电话、院系设置等,未说明,未开放,2014
463,基础教育机构,市教育委员会,机构名称、地址、类别、联系电话等,未说明,未开放,2014
464,教育管理与服务机构,市教育委员会,机构名称、地址、机构类型、服务时间、服务内容/范围、联系电话等,未说明,未开放,2014
465,学前教育机构,市教育委员会,机构名称、地址、类别、联系电话等,未说明,未开放,2014
466,职业教育机构,市教育委员会,机构名称、地址、类别、联系电话等,未说明,未开放,2014
467,中外合作办学机构/项目,市教育委员会,名称、地址、联系电话、许可证/批准书编号、中方合作者名称、外方合作者名称、专业设置、办学层次和类别、招生方式等,未说明,未开放,2014
468,校外教育机构,市教育委员会,机构名称、地址、联系电话、特色教育等,未说明,未开放,2014
469,学生体质健康监测中心,市教育委员会,名称、地址、联系电话等,未说明,未开放,2014
470,大型科学仪器设施,市科学技术委员会,仪器名称、所属单位、主要功能、技术指标、仪器服务信息、联系电话等,未说明,已开放,2014
471,技术创新服务平台,市科学技术委员会,平台名称、平台简介、服务内容、依托单位、所属领域、服务项目、收费标准、联系电话等,未说明,已开放,2014
472,科技管理与服务机构,市科学技术委员会,机构名称、地址、机构类型、服务时间、服务内容/范围、联系电话等,未说明,已开放,2014
473,专业技术平台,市科学技术委员会,平台名称、平台简介、依托单位、所属领域、服务项目、收费标准、主要仪器（可选）、联系电话等,未说明,已开放,2014
474,出入境受理点,市公安局,名称、地点、服务时间、服务内容/范围、联系电话、附近交通等,未说明,已开放,2014
475,居民身份证拍照点,市公安局,名称、地点、服务时间、联系电话、附近交通等,未说明,已开放,2014
476,车管所,市公安局,名称、地址、服务时间、服务内容/范围、联系电话、附近交通等,未说明,已开放,2014
477,高架匝道关闭信息,市公安局,关闭匝道名称、开始关闭时间、预计重新开放时间等,未说明,未开放,2014
478,机动车交通违法受理点,市公安局,名称、地点、工作时间、受理内容/范围、联系电话、附近交通等,未说明,未开放,2014
479,交通事故理赔点,市公安局,名称、地点、服务时间、服务内容/范围、联系电话、附近交通等,未说明,未开放,2014
480,交通事故自行协商处理便民服务点,市公安局,名称、地点,未说明,未开放,2014
481,道路管理信息,市公安局,危险车辆管制道路、货物车辆管制路段等特殊道路位置信息,未说明,未开放,2014
482,摄像头（电子警察）,市公安局,摄像头具体位置,未说明,未开放,2014
483,交通管理与服务机构,市公安局、市交通委员会,机构名称、地址、机构类型、服务时间、服务内容/范围、联系电话等,未说明,已开放,2014
484,殡葬服务机构,市民政局,机构名称、所属区县、地址、联系电话、工作时间等,未说明,未开放,2014
485,慈善服务机构,市民政局,机构名称、所属区县、地址、联系电话、工作时间等,未说明,未开放,2014
486,婚姻服务机构,市民政局,机构名称、所属区县、地址、联系电话、工作时间等,未说明,未开放,2014
487,救助服务机构,市民政局,机构名称、所属区县、地址、联系电话、工作时间等,未说明,未开放,2014
488,社区服务机构,市民政局,机构名称、所属区县、地址、联系电话、工作时间等,未说明,未开放,2014
489,养老服务机构,市民政局,机构名称、所属区县、地址、联系电话、工作时间、床位数等,未说明,未开放,2014
490,市基金会,市民政局、市社会团体管理局,基金会名称、主管部门、组织代码证、有效期、地址、类型、服务时间、经营范围、联系电话等,未说明,未开放,2014
491,法律援助机构,市司法局,机构名称、地址、联系电话、服务时间、附近交通等,未说明,未开放,2014
492,公证机构,市司法局,机构名称、地址、联系电话、服务时间、附近交通、公证员等,未说明,未开放,2014
493,基层法律服务所,市司法局,服务所名称、地址、联系电话、服务时间、附近交通等,未说明,已开放,2014
494,街道乡镇司法所,市司法局,司法所名称、地址、联系电话、服务时间、附近交通等,未说明,已开放,2014
495,律师事务所,市司法局,事务所名称、地址、执业许可证号、联系电话、所属区县、批准时间、派驻律师、执业律师等,未说明,已开放,2014
496,社区矫正工作站,市司法局,工作站名称、地址、联系电话、服务时间、附近交通等,未说明,未开放,2014
497,司法鉴定机构,市司法局,机构名称、地址、联系电话、服务时间、附近交通等,未说明,已开放,2014
498,开业指导服务中心,市人力资源和社会保障局,中心名称、地址、联系电话、服务时间、附近交通等,未说明,未开放,2014
499,人才服务中心,市人力资源和社会保障局,中心名称、地址、联系电话、服务时间、附近交通等,未说明,未开放,2014
500,社保服务（分）中心,市人力资源和社会保障局,分中心名称、地址、联系电话、服务时间、附近交通等,未说明,未开放,2014
501,职业介绍中心,市人力资源和社会保障局,中心名称、地址、联系电话、服务时间、附近交通等,未说明,未开放,2014
502,养老金发放银行网点,市人力资源和社会保障局,网点名称、地址、联系电话、服务时间、附近交通等,未说明,未开放,2014
503,医保定点药房,市人力资源和社会保障局,药房名称、地址、联系电话、服务时间、附近交通等,未说明,未开放,2014
504,医保定点医院,市人力资源和社会保障局,医院名称、地址、联系电话、服务时间、附近交通等,未说明,未开放,2014
505,医保中心,市人力资源和社会保障局,中心名称、地址、联系电话、服务时间、附近交通等,未说明,未开放,2014
506,建筑建材类企业资质,市城乡建设和管理委员会,企业基本信息、资质信息、安全生产许可证等,未说明,未开放,2014
507,建设项目信息,市城乡建设和管理委员会,项目名称、报建编号、建设单位、建设地点、总投资、建筑面积、项目分类、许可证号等,未说明,未开放,2014
508,公路实时交通信息,市交通委员会,实时交通状况、公路阻断信息、可变信息标志等,未说明,未开放,2014
509,掘路占路信息,市交通委员会,路名、挖掘路段、开工时间、完工时间等,未说明,未开放,2014
510,快速路封路信息,市交通委员会,封路时间、封路路段、所属快速路、方向等,未说明,未开放,2014
511,快速路实时交通信息,市交通委员会,道路实时路况、道路交通时间、道路施工信息、交通封道管制、入口匝道控制、可变信息标志等,未说明,未开放,2014
512,机动车维修企业,市交通委员会,企业名称、经营地址、经营范围、联系电话等,未说明,已开放,2014
513,车辆统计信息,市交通委员会,车辆类别、数量等,未说明,已开放,2014
514,公交停靠站信息,市交通委员会,定班车到站时间、具体线路首末班车时间,未说明,未开放,2014
515,停车场静态信息,市交通委员会,收费标准、营业时间、联系电话、车位数、车场类型、出入口位置等,未说明,已开放,2014
516,交通规划信息,市交通委员会,道路、公交、地铁规划信息等,未说明,未开放,2014
517,停车场（库、位）,市交通委员会、市公安局,许可证号（备案证号）、地址（路段）、收费标准、时间、电话等,未说明,已开放,2014
518,环境保护管理与服务机构,市环境保护局,机构名称、地址、机构类型、服务时间、服务内容、联系电话等,未说明,未开放,2014
519,环评单位,市环境保护局,单位名称、证书编号、地址、联系电话、评价范围等,未说明,未开放,2014
520,空气质量信息,市环境保护局,评价时段、监测点位名称及位置、各监测项目的浓度、空气质量分指数、空气质量指数、首要污染物、空气质量级别等,未说明,未开放,2014
521,优秀历史建筑,市规划和国土资源管理局,原名、现名、地址、交通、照片等,未说明,未开放,2014
522,土地出让交易信息,市规划和国土资源管理局,土地出让公告、出让结果公告；交易地块及历史交易信息，包括：地块名称、范围、出让面积、规划用途、容积率、出让年限、现状条件；竞得人、竞得日期、竞得价等,未说明,未开放,2014
523,文化场馆,市文化广播影视管理局,场馆名称、地址、联系电话、开放时间、收费标准等,未说明,未开放,2014
524,文化广播影视管理与服务机构,市文化广播影视管理局,机构名称、地址、机构类型、服务时间、服务内容/范围、联系电话等,未说明,未开放,2014
525,文化娱乐场所,市文化广播影视管理局,场所名称、地址、联系电话、开放时间、收费标准等,未说明,未开放,2014
526,美术馆、展览馆,市文化广播影视管理局,场馆名称、地址、联系电话、开放时间、收费标准等,未说明,未开放,2014
527,文化创意产业园区,市文化广播影视管理局、市经济和信息化委员会,园区名称、地址、面积、联系电话、相关介绍、图片等,未说明,未开放,2014
528,公共卫生机构,市卫生和计划生育委员会,机构名称、地址、服务时间、电话、服务内容及范围、所属区县等,未说明,未开放,2014
529,计生服务机构,市卫生和计划生育委员会,机构名称、地址、所属行政区划、电话、服务时间等,未说明,未开放,2014
530,现制现售水信息,市卫生和计划生育委员会,自动售水机地址、经营单位、所属区县、自动售水机名称、电话、卫生许可证、卫生检查结果等,未说明,未开放,2014
531,医疗机构,市卫生和计划生育委员会,机构名称、地址、服务时间、科室、床位、特色、专家、电话等,未说明,未开放,2014
532,医院床位信息,市卫生和计划生育委员会,医院名称、床位类别、空余数量等,未说明,未开放,2014
533,医院专家门诊信息,市卫生和计划生育委员会,医院名称、医生名、医生级别、门诊科室、时间等,未说明,未开放,2014
534,候诊人数信息,市卫生和计划生育委员会,医院名称、地址、日期、时间、挂号总人数、候诊人数,未说明,未开放,2014
535,医疗、保健、计生管理机构,市卫生和计划生育委员会、市食品药品监督管理局,机构名称、地址、机构类型、服务时间、服务内容、范围、联系电话等,未说明,未开放,2014
536,工商不良记录,市工商行政管理局,当事人名称、主要违法事实、法律依据、处罚结果,未说明,未开放,2014
537,工商局相关机构,市工商行政管理局,机构名称、地址、机构类型、服务时间、服务内容、范围、联系电话等,未说明,未开放,2014
538,企业工商信息,市工商行政管理局,企业名称、注册号、注册资本、住所、法定代表人、经营范围、成立日期等,未说明,未开放,2014
539,企业股东信息,市工商行政管理局,企业股东信息,未说明,未开放,2014
540,企业注册登记统计,市工商行政管理局,分别按内资企业（不含私营企业）、外商投资企业、私营企业、个体工商户、农民专业合作社统计：新设企业户数、新设注册资本、累计企业户数、累计注册资本,未说明,未开放,2014
541,产品质量监管违禁信息,市质量技术监督局,"公开的项目涉及产品质量监督抽查结果,包括产品名称、商标、规格型号、生产日期/批次、生产企业、不合格项目",未说明,未开放,2014
542,国家级产品质量监督检验中心 ,市质量技术监督局,机构名称、地址、联系电话、工作范围、工作时间等,未说明,未开放,2014
543,检测检验机构,市质量技术监督局,机构名称、地址、联系电话、工作范围等,未说明,已开放,2014
544,质监局机构,市质量技术监督局,机构名称、地址、联系电话、工作时间等,未说明,未开放,2014
545,许可经营企业信息,市质量技术监督局,许可证上所列各项信息,未说明,未开放,2014
546,许可执业人员资格查询,市质量技术监督局,许可的执业资格上所列的各项信息（不包括身份证号码）,未说明,未开放,2014
547,行业数据,市统计局,本市各重点行业的统计数据,未说明,未开放,2014
548,宏观数据,市统计局,GDP、社会消费品零售总额、进出口额、城镇固定资产投资、CPI、PPI等,未说明,未开放,2014
549,统计机构,市统计局,机构名称、地址、联系电话、工作时间等,未说明,未开放,2014
550,企业统计信息,市统计局,企业区县分布情况、行业分布情况、注册资金分布情况等,未说明,未开放,2014
551,当前就业数据,市统计局,区域、产业类别，就业数量、失业比例等,未说明,未开放,2014
552,历史就业情况,市统计局,年度、产业分类、就业比例等,未说明,未开放,2014
553,人群统计信息,市统计局、市公安局,人口密度情况、人口分布情况、外来人口分布情况、人员年龄分布、学历分布、职业分布情况等,未说明,未开放,2014
554,印刷企业信息,市新闻出版局,企业名称、注册地址、法定代表人、企业负责人、电话、经营方式、经营范围、企业性质、许可证号、许可证有效期等,未说明,未开放,2014
555,报纸基本信息,市新闻出版局,报纸中文名、国内刊号、刊期、主办单位,未说明,未开放,2014
556,互联网出版单位信息,市新闻出版局,单位名称、出版物名称、出版时间、内容简介等,未说明,未开放,2014
557,版权示范单位和示范园区,市新闻出版局,企业名称、注册地址、法定代表人、企业负责人、电话、经营方式、经营范围、企业性质等,未说明,未开放,2014
558,连续性内部资料,市新闻出版局,资料名称、准印证号、主办单位、邮编、电话、地址等,未说明,未开放,2014
559,新闻出版机构,市新闻出版局,机构名称、地址、联系电话、工作时间等,未说明,未开放,2014
560,新闻出版相关职业资格登记人员,市新闻出版局,姓名、性别、资格证号、工作单位、类别等,未说明,未开放,2014
561,新闻记者,市新闻出版局,姓名、性别、资格证号、工作单位、类别等,未说明,未开放,2014
562,注册期刊,市新闻出版局,刊名、国内刊号、刊期、主办单位等,未说明,未开放,2014
563,健身场所,市体育局,场所名称、地址、联系电话、服务范围、工作时间、费用等,未说明,未开放,2014
564,赛事信息,市体育局,场所名称、地址、联系电话、类别、时间表、门票费用等,未说明,已开放,2014
565,体育场馆,市体育局,场馆名称、地址、联系电话、运动设施设备、相关介绍、图片、周边交通等,未说明,未开放,2014
566,体育机构,市体育局,机构名称、地址、联系电话、工作时间等,未说明,已开放,2014
567,体育设施对外开放学校,市体育局、市教育委员会,学校名称、地址、开放时间、联系电话、开放场所/区域等,未说明,未开放,2014
568,A级景点,市旅游局,名称、地址、级别、电话、交通、特色、图片等,未说明,未开放,2014
569,热门景点人流信息,市旅游局,景点名称、地址、日期、时间、进景区总人数、出景区人数,未说明,未开放,2014
570,导游、出境游领队信息,市旅游局,姓名、性别、资格证号、工作单位、类别等,未说明,未开放,2014
571,旅行社,市旅游局,名称、许可证号、地址、电话、星级等,未说明,未开放,2014
572,旅游服务机构,市旅游局,名称、地址、电话、交通等,未说明,未开放,2014
573,旅游名牌产品,市旅游局,企业名称、商标、产品、咨询电话、服务时间等,未说明,未开放,2014
574,星级饭店,市旅游局,名称、地址、星级、电话、所属区县等,未说明,未开放,2014
575,公共厕所,市绿化和市容管理局,名称、地址,未说明,已开放,2014
576,公园绿地,市绿化和市容管理局,名称、地址、地区、开放时间、门票价格、交通、介绍,未说明,已开放,2014
577,古树名木,市绿化和市容管理局,名称、学名、树龄、地址、树高、树围,未说明,已开放,2014
578,绿化市容管理与服务机构,市绿化和市容管理局,机构名称、地址、联系方式、邮编,未说明,已开放,2014
579,车辆清洗点,市绿化和市容管理局,名称、地址、所属区县,未说明,已开放,2014
580,湿地,市绿化和市容管理局,湿地名称、面积、所属区县,未说明,已开放,2014
581,野生动植物重要栖息地,市绿化和市容管理局,名称、级别、主要保护对象、保护/规划面积、行政区域、建立规划时间,未说明,已开放,2014
582,自然保护区,市绿化和市容管理局,名称、级别、主要保护对象、保护/规划面积、行政区域、建立规划时间,未说明,已开放,2014
583,信得过果园,市绿化和市容管理局,名称、果树类型、产品及成熟期、产品认证、区县、地址、电话、介绍,未说明,未开放,2014
584,具有房屋相关资质的企业信息,市住房保障和房屋管理局,企业名称、地址、电话、资质证书编号、资质等级、资质证书发证日期、资质证书有效期等,未说明,未开放,2014
585,住房管理与服务机构,市住房保障和房屋管理局,机构名称、地址、联系电话、服务时间等,未说明,未开放,2014
586,二手房挂牌数据,市住房保障和房屋管理局,住宅出售套数、出售面积，普通住宅出售套数、出售面积,未说明,未开放,2014
587,房产数据,市住房保障和房屋管理局,每日、每月的分区域一手房成交、可售数据的历史数据；每日、每月的分区域二手房成交数据；一手房、二手房分区域套均总价,未说明,未开放,2014
588,经适房房源,市住房保障和房屋管理局,房源地址、房型图、GIS显示位置、大小、样板图等,未说明,未开放,2014
589,一手房即时信息,市住房保障和房屋管理局,今日成交套数、成交面积，普通住宅成交套数、成交面积，普通住宅可售套数、可售面积,未说明,未开放,2014
590,最新上市楼盘信息,市住房保障和房屋管理局,项目名称、项目地址、许可证号、用途、上网开通日期,未说明,未开放,2014
591,保障房工程项目信息,市住房保障和房屋管理局,项目名称、项目地址、项目类型、总建筑面积、住宅建筑面积、住宅总套数、开发单位、设计单位、监理单位、施工单位等,未说明,已开放,2014
592,安全生产专业服务机构,市安全生产监督管理局,机构名称、地址、机构类型、服务内容、范围、联系电话等,未说明,未开放,2014
593,生产安全（工矿商贸）死亡事故信息,市安全生产监督管理局,事故发生地、危害（死伤人数、经济损失）、事故原因、事故单位、采取措施、处罚等,未说明,未开放,2014
594,危险化学品信息,市安全生产监督管理局,危险化学物品种类、名称、危害、违禁措施等,未说明,未开放,2014
595,安全生产相关许可证信息,市安全生产监督管理局,名称、许可内容、许可证号、许可证有效期,未说明,未开放,2014
596,地下空间信息,市民防办公室,地址、所属区县，类别等,未说明,未开放,2014
597,民防机构,市民防办公室,机构名称、地址、机构类型、服务时间、服务内容/范围、联系电话等,未说明,未开放,2014
598,灾情信息,市民防办公室,事故发生地、危害（死伤人数、经济损失）、事故原因、事故单位、采取措施、处罚等,未说明,未开放,2014
599,ATM信息,市金融服务办公室,地址、类别、所属银行、服务时间等,未说明,未开放,2014
600,金融服务机构,市金融服务办公室,机构名称、地址、机构类型、服务时间、服务内容、范围、联系电话等,未说明,未开放,2014
601,保健食品、药品、医疗器械信息,市食品药品监督管理局,产品名称、产品类别、生产企业、生产企业地址、批准文号、批件状态、批准日期、批件有效期、卫产许可证号、产品名称备注等,未说明,未开放,2014
602,食品、保健食品、药品、化妆品、医疗器械、食药品包装材料等生产经营者药品经营企业行政处罚信息,市食品药品监督管理局,经营者名称、类别、地址、责任人、处罚情况、许可证号、检查日期等,未说明,未开放,2014
603,食品、保健食品、药品、化妆品、医疗器械、食药品包装材料等生产经营者药品经营企业行政检查信息,市食品药品监督管理局,经营者名称、类别、地址、责任人、检查情况、许可证号、检查日期等,未说明,未开放,2014
604,食品、保健食品、药品、化妆品、医疗器械、食药品包装材料等重点监管名单,市食品药品监督管理局,经营者名称、类别、地址、责任人、许可证号、处罚结果等,未说明,未开放,2014
605,食药监机构信息,市食品药品监督管理局,机构名称、地址、机构类型、服务时间、服务内容/范围、联系电话等,未说明,已开放,2014
606,违法广告信息,市食品药品监督管理局,广告名称、违法原因、播放时间等,未说明,未开放,2014
607,执业药师信息,市食品药品监督管理局,姓名、性别、所在省份、资格证号、工作单位、类别、考试合格年度等,未说明,未开放,2014
608,餐饮服务单位许可信息,市食品药品监督管理局,名称、许可证号、许可证有效期、地址、类型、服务时间、联系电话等,未说明,未开放,2014
609,食品、保健食品、药品、化妆品、医疗器械、食药品包装材料领域特许经营企业,市食品药品监督管理局,企业名称、所属区县、注册地址、法定代表人、企业负责人、电话、经营方式、经营范围、企业性质、许可证号、许可证有效期等,未说明,未开放,2014
610,餐饮服务单位经营信息,市食品药品监督管理局、市消防局、市卫生和计划生育委员会,名称、地址、类型、服务质量（笑脸）、卫生质量、检查情况等,未说明,未开放,2014
611,行业协会,市社会团体管理局,机构名称、地址、联系电话、类别、许可证号、主管部门、有效期限、年检情况等,未说明,未开放,2014
612,民办养老机构,市社会团体管理局,机构名称、地址、联系电话、类别、经营范围、有效期限、年检情况等,未说明,未开放,2014
613,社会组织孵化基地,市社会团体管理局,机构名称、地址、服务时间、服务内容/范围、联系电话等,未说明,未开放,2014
614,社区群众活动团队,市社会团体管理局,名称、所属区县、管理部门、电话等,未说明,未开放,2014
615,社团机构,市社会团体管理局,机构名称、地址、机构类型、服务时间、服务内容/范围、联系电话等,未说明,未开放,2014
616,市民非企业,市社会团体管理局,名称、组织代码证、有效期、地址、类型、服务时间、经营范围、联系电话等,未说明,未开放,2014
617,民办医疗机构,市社会团体管理局,机构名称、地址、联系电话、类别、许可证号、主管部门、经营范围、有效期限、年检情况等,未说明,未开放,2014
618,民办教育机构,市社会团体管理局、市教育委员会,机构名称、地址、联系电话、类别、有效期限、年检情况等法人登记证信息；机构举办者、校长、主管部门等办学许可证信息,未说明,未开放,2014